match_id,date,kickoff_local,stage,team_a,team_b,team_a_code,team_b_code,stadium,city,venue_country,latitude,longitude,roof_notes,elo_a,elo_b,fifa_rank_a,fifa_rank_b,recent_form_a,recent_form_b,attack_rating_a,attack_rating_b,defense_rating_a,defense_rating_b,midfield_control_a,midfield_control_b,goalkeeper_form_a,goalkeeper_form_b,set_piece_strength_a,set_piece_strength_b,injuries_impact_a,injuries_impact_b,rest_days_a,rest_days_b,travel_fatigue_a,travel_fatigue_b,travel_km_a,travel_km_b,home_region_boost_a,home_region_boost_b,big_match_experience_a,big_match_experience_b,weather_temperature_c,weather_precipitation_probability,weather_wind_kmh,fixture_source,rating_source,venue_source,weather_source,unavailable_data_notes
WC2026-001,2026-06-11,13:00 UTC-6,Group A,Mexico,South Africa,MX,ZA,Estadio Azteca,Mexico City,Mexico,19.3029,-99.1505,open air,1881,1511,18,80,77.8,20.0,98,66.5,80.9,57.3,81.4,59.7,86.8,57.9,71.7,65.0,0,0,5,5,0.0,10.0,0.0,0.0,10,0,98,59.9,22.6,70,2.5,openfootball/worldcup.json public repository,World Football Elo Ratings public TSV,FIFA 2026 host city/stadium public reference mapping,Open-Meteo forecast API,Player injuries/status/suspensions and confirmed lineups not available from no-key public sources; injuries_impact is set to 0 until a provider is connected.
WC2026-002,2026-06-11,20:00 UTC-6,Group A,South Korea,Czech Republic,KR,CZ,Estadio Akron,Guadalajara / Zapopan,Mexico,20.6819,-103.4627,open air,1786,1712,26,42,60.0,53.3,92.1,90.2,72.0,66.0,75.6,71.6,72.6,64.2,70.5,71.7,0,0,5,5,10.0,10.0,0.0,0.0,0,0,93.6,84.3,21.0,39,11.6,openfootball/worldcup.json public repository,World Football Elo Ratings public TSV,FIFA 2026 host city/stadium public reference mapping,Open-Meteo forecast API,Player injuries/status/suspensions and confirmed lineups not available from no-key public sources; injuries_impact is set to 0 until a provider is connected.
WC2026-003,2026-06-18,12:00 UTC-4,Group A,Czech Republic,South Africa,CZ,ZA,Mercedes-Benz Stadium,Atlanta,United States,33.7554,-84.4008,retractable roof,1712,1511,42,80,53.3,20.0,90.2,66.5,66.0,57.3,71.6,59.7,64.2,57.9,71.7,65.0,0,0,7,7,16.8,16.2,2373.0,2171.0,0,0,84.3,59.9,28.7,20,19.6,openfootball/worldcup.json public repository,World Football Elo Ratings public TSV,FIFA 2026 host city/stadium public reference mapping,Open-Meteo forecast API,Player injuries/status/suspensions and confirmed lineups not available from no-key public sources; injuries_impact is set to 0 until a provider is connected.
WC2026-004,2026-06-18,19:00 UTC-6,Group A,Mexico,South Korea,MX,KR,Estadio Akron,Guadalajara / Zapopan,Mexico,20.6819,-103.4627,open air,1881,1786,18,25,77.8,60.0,98,92.1,80.9,72.0,81.4,75.6,86.8,72.6,71.7,70.5,0,0,7,7,1.4,10.0,475.9,0.0,10,0,98,93.8,23.4,28,13.1,openfootball/worldcup.json public repository,World Football Elo Ratings public TSV,FIFA 2026 host city/stadium public reference mapping,Open-Meteo forecast API,Player injuries/status/suspensions and confirmed lineups not available from no-key public sources; injuries_impact is set to 0 until a provider is connected.
WC2026-005,2026-06-24,19:00 UTC-6,Group A,Czech Republic,Mexico,CZ,MX,Estadio Azteca,Mexico City,Mexico,19.3029,-99.1505,open air,1712,1881,42,18,53.3,77.8,90.2,98,66.0,80.9,71.6,81.4,64.2,86.8,71.7,71.7,0,0,6,6,16.2,1.4,2171.0,475.9,0,10,84.3,98,17.8,94,2.0,openfootball/worldcup.json public repository,World Football Elo Ratings public TSV,FIFA 2026 host city/stadium public reference mapping,Open-Meteo forecast API,Player injuries/status/suspensions and confirmed lineups not available from no-key public sources; injuries_impact is set to 0 until a provider is connected.
WC2026-006,2026-06-24,19:00 UTC-6,Group A,South Africa,South Korea,ZA,KR,Estadio BBVA,Monterrey / Guadalupe,Mexico,25.6680,-100.2447,open air,1511,1786,80,25,20.0,60.0,66.5,92.1,57.3,72.0,59.7,75.6,57.9,72.6,65.0,70.5,0,0,6,6,15.1,11.8,1771.6,644.6,0,0,59.9,93.8,30.6,31,19.9,openfootball/worldcup.json public repository,World Football Elo Ratings public TSV,FIFA 2026 host city/stadium public reference mapping,Open-Meteo forecast API,Player injuries/status/suspensions and confirmed lineups not available from no-key public sources; injuries_impact is set to 0 until a provider is connected.
WC2026-007,2026-06-12,15:00 UTC-4,Group B,Canada,Bosnia & Herzegovina,CA,BA,BMO Field,Toronto,Canada,43.6332,-79.4186,open air,1767,1616,32,60,46.7,33.3,87.1,74.8,72.9,64.9,73.9,65.6,75.9,67.9,68.7,66.3,0,0,5,5,0.0,10.0,0.0,0.0,10,0,90.8,72.7,25.7,0,24.7,openfootball/worldcup.json public repository,World Football Elo Ratings public TSV,FIFA 2026 host city/stadium public reference mapping,Open-Meteo forecast API,Player injuries/status/suspensions and confirmed lineups not available from no-key public sources; injuries_impact is set to 0 until a provider is connected.
WC2026-008,2026-06-13,12:00 UTC-7,Group B,Qatar,Switzerland,QA,CH,Levi's Stadium,Santa Clara,United States,37.4030,-121.9700,open air,1421,1891,96,17,16.7,41.7,57.0,98,56.1,75.6,55.0,79.9,60.9,74.4,62.1,72.4,0,0,5,5,10.0,10.0,0.0,0.0,0,0,49.2,98,21.8,0,11.8,openfootball/worldcup.json public repository,World Football Elo Ratings public TSV,FIFA 2026 host city/stadium public reference mapping,Open-Meteo forecast API,Player injuries/status/suspensions and confirmed lineups not available from no-key public sources; injuries_impact is set to 0 until a provider is connected.
WC2026-009,2026-06-18,12:00 UTC-7,Group B,Switzerland,Bosnia & Herzegovina,CH,BA,SoFi Stadium,Inglewood,United States,33.9535,-118.3392,translucent roof,1891,1616,17,60,41.7,33.3,98,74.8,75.6,64.9,79.9,65.6,74.4,67.9,72.4,66.3,0,0,5,6,11.4,20.0,504.6,3504.4,0,0,98,72.7,23.2,0,16.6,openfootball/worldcup.json public repository,World Football Elo Ratings public TSV,FIFA 2026 host city/stadium public reference mapping,Open-Meteo forecast API,Player injuries/status/suspensions and confirmed lineups not available from no-key public sources; injuries_impact is set to 0 until a provider is connected.
WC2026-010,2026-06-18,15:00 UTC-7,Group B,Canada,Qatar,CA,QA,BC Place,Vancouver,Canada,49.2768,-123.1119,retractable roof,1767,1421,32,96,46.7,16.7,87.1,57.0,72.9,56.1,73.9,55.0,75.9,60.9,68.7,62.1,0,0,6,5,9.6,13.8,3356.8,1323.5,10,0,90.8,49.2,20.8,0,14.4,openfootball/worldcup.json public repository,World Football Elo Ratings public TSV,FIFA 2026 host city/stadium public reference mapping,Open-Meteo forecast API,Player injuries/status/suspensions and confirmed lineups not available from no-key public sources; injuries_impact is set to 0 until a provider is connected.
WC2026-011,2026-06-24,12:00 UTC-7,Group B,Switzerland,Canada,CH,CA,BC Place,Vancouver,Canada,49.2768,-123.1119,retractable roof,1891,1767,17,32,41.7,46.7,98,87.1,75.6,72.9,79.9,73.9,74.4,75.9,72.4,68.7,0,0,6,6,15.0,0.0,1748.5,0.0,0,10,98,90.8,22.1,3,13.0,openfootball/worldcup.json public repository,World Football Elo Ratings public TSV,FIFA 2026 host city/stadium public reference mapping,Open-Meteo forecast API,Player injuries/status/suspensions and confirmed lineups not available from no-key public sources; injuries_impact is set to 0 until a provider is connected.
WC2026-012,2026-06-24,12:00 UTC-7,Group B,Bosnia & Herzegovina,Qatar,BA,QA,Lumen Field,Seattle,United States,47.5952,-122.3316,open air,1616,1421,60,96,33.3,16.7,74.8,57.0,64.9,56.1,65.6,55.0,67.9,60.9,66.3,62.1,0,0,6,6,14.4,10.6,1553.1,195.6,0,0,72.7,49.2,25.4,1,14.0,openfootball/worldcup.json public repository,World Football Elo Ratings public TSV,FIFA 2026 host city/stadium public reference mapping,Open-Meteo forecast API,Player injuries/status/suspensions and confirmed lineups not available from no-key public sources; injuries_impact is set to 0 until a provider is connected.
WC2026-013,2026-06-13,18:00 UTC-4,Group C,Brazil,Morocco,BR,MA,MetLife Stadium,East Rutherford,United States,40.8135,-74.0745,open air,1991,1827,5,24,75.0,73.3,98,98,80.6,76.9,86.7,78.4,79.4,81.1,76.7,74.6,0,0,5,5,10.0,10.0,0.0,0.0,0,0,98,97.5,31.8,0,14.3,openfootball/worldcup.json public repository,World Football Elo Ratings public TSV,FIFA 2026 host city/stadium public reference mapping,Open-Meteo forecast API,Player injuries/status/suspensions and confirmed lineups not available from no-key public sources; injuries_impact is set to 0 until a provider is connected.
WC2026-014,2026-06-13,21:00 UTC-4,Group C,Haiti,Scotland,HT,SQ,Gillette Stadium,Foxborough,United States,42.0909,-71.2643,open air,1548,1782,73,26,33.3,50.0,75.9,93.8,60.3,74.0,62.2,74.9,62.1,77.3,68.8,72.1,0,0,5,5,10.0,10.0,0.0,0.0,0,0,64.4,93.3,24.2,0,6.5,openfootball/worldcup.json public repository,World Football Elo Ratings public TSV,FIFA 2026 host city/stadium public reference mapping,Open-Meteo forecast API,Player injuries/status/suspensions and confirmed lineups not available from no-key public sources; injuries_impact is set to 0 until a provider is connected.
WC2026-015,2026-06-19,18:00 UTC-4,Group C,Scotland,Morocco,SQ,MA,Gillette Stadium,Foxborough,United States,42.0909,-71.2643,open air,1782,1827,26,24,50.0,73.3,93.8,98,74.0,76.9,74.9,78.4,77.3,81.1,72.1,74.6,0,0,6,6,10.0,10.8,0.0,273.9,0,0,93.3,97.5,25.1,12,18.9,openfootball/worldcup.json public repository,World Football Elo Ratings public TSV,FIFA 2026 host city/stadium public reference mapping,Open-Meteo forecast API,Player injuries/status/suspensions and confirmed lineups not available from no-key public sources; injuries_impact is set to 0 until a provider is connected.
WC2026-016,2026-06-19,20:30 UTC-4,Group C,Brazil,Haiti,BR,HT,Lincoln Financial Field,Philadelphia,United States,39.9008,-75.1675,open air,1991,1548,5,73,75.0,33.3,98,75.9,80.6,60.3,86.7,62.2,79.4,62.1,76.7,68.8,0,0,6,6,10.4,11.2,137.4,408.1,0,0,98,64.4,24.1,20,7.6,openfootball/worldcup.json public repository,World Football Elo Ratings public TSV,FIFA 2026 host city/stadium public reference mapping,Open-Meteo forecast API,Player injuries/status/suspensions and confirmed lineups not available from no-key public sources; injuries_impact is set to 0 until a provider is connected.
WC2026-017,2026-06-24,18:00 UTC-4,Group C,Scotland,Brazil,SQ,BR,Hard Rock Stadium,Miami Gardens,United States,25.9580,-80.2389,canopy roof,1782,1991,26,5,50.0,75.0,93.8,98,74.0,80.6,74.9,86.7,77.3,79.4,72.1,76.7,0,0,5,5,15.6,14.6,1972.5,1620.2,0,0,93.3,98,32.0,30,22.5,openfootball/worldcup.json public repository,World Football Elo Ratings public TSV,FIFA 2026 host city/stadium public reference mapping,Open-Meteo forecast API,Player injuries/status/suspensions and confirmed lineups not available from no-key public sources; injuries_impact is set to 0 until a provider is connected.
WC2026-018,2026-06-24,18:00 UTC-4,Group C,Morocco,Haiti,MA,HT,Mercedes-Benz Stadium,Atlanta,United States,33.7554,-84.4008,retractable roof,1827,1548,24,73,73.3,33.3,98,75.9,76.9,60.3,78.4,62.2,81.1,62.1,74.6,68.8,0,0,5,5,14.2,13.1,1475.8,1067.7,0,0,97.5,64.4,26.6,27,14.1,openfootball/worldcup.json public repository,World Football Elo Ratings public TSV,FIFA 2026 host city/stadium public reference mapping,Open-Meteo forecast API,Player injuries/status/suspensions and confirmed lineups not available from no-key public sources; injuries_impact is set to 0 until a provider is connected.
WC2026-019,2026-06-12,18:00 UTC-7,Group D,USA,Paraguay,US,PY,SoFi Stadium,Inglewood,United States,33.9535,-118.3392,translucent roof,1726,1834,38,22,25.0,66.7,85.1,98,61.0,77.0,70.7,78.4,52.3,80.7,69.8,72.2,0,0,5,5,0.0,10.0,0.0,0.0,10,0,86.2,98,20.7,0,18.8,openfootball/worldcup.json public repository,World Football Elo Ratings public TSV,FIFA 2026 host city/stadium public reference mapping,Open-Meteo forecast API,Player injuries/status/suspensions and confirmed lineups not available from no-key public sources; injuries_impact is set to 0 until a provider is connected.
WC2026-020,2026-06-13,21:00 UTC-7,Group D,Australia,Turkey,AU,TR,BC Place,Vancouver,Canada,49.2768,-123.1119,retractable roof,1777,1911,28,13,58.3,100.0,92.5,98,73.7,82.9,75.1,84.1,77.0,89.2,71.1,72.5,0,0,5,5,10.0,10.0,0.0,0.0,0,0,92.5,98,20.5,1,10.3,openfootball/worldcup.json public repository,World Football Elo Ratings public TSV,FIFA 2026 host city/stadium public reference mapping,Open-Meteo forecast API,Player injuries/status/suspensions and confirmed lineups not available from no-key public sources; injuries_impact is set to 0 until a provider is connected.
WC2026-021,2026-06-19,12:00 UTC-7,Group D,USA,Australia,US,AU,Lumen Field,Seattle,United States,47.5952,-122.3316,open air,1726,1777,38,28,25.0,58.3,85.1,92.5,61.0,73.7,70.7,75.1,52.3,77.0,69.8,71.1,0,0,7,6,4.4,10.6,1553.1,195.6,10,0,86.2,92.5,22.1,0,14.6,openfootball/worldcup.json public repository,World Football Elo Ratings public TSV,FIFA 2026 host city/stadium public reference mapping,Open-Meteo forecast API,Player injuries/status/suspensions and confirmed lineups not available from no-key public sources; injuries_impact is set to 0 until a provider is connected.
WC2026-022,2026-06-19,20:00 UTC-7,Group D,Turkey,Paraguay,TR,PY,Levi's Stadium,Santa Clara,United States,37.4030,-121.9700,open air,1911,1834,13,22,100.0,66.7,98,98,82.9,77.0,84.1,78.4,89.2,80.7,72.5,72.2,0,0,6,7,13.8,11.4,1323.5,504.6,0,0,98,98,22.1,0,11.9,openfootball/worldcup.json public repository,World Football Elo Ratings public TSV,FIFA 2026 host city/stadium public reference mapping,Open-Meteo forecast API,Player injuries/status/suspensions and confirmed lineups not available from no-key public sources; injuries_impact is set to 0 until a provider is connected.
WC2026-023,2026-06-25,19:00 UTC-7,Group D,Turkey,USA,TR,US,SoFi Stadium,Inglewood,United States,33.9535,-118.3392,translucent roof,1911,1726,13,38,100.0,25.0,98,85.1,82.9,61.0,84.1,70.7,89.2,52.3,72.5,69.8,0,0,6,6,11.4,4.4,504.6,1553.1,0,10,98,86.2,30.5,0,25.0,openfootball/worldcup.json public repository,World Football Elo Ratings public TSV,FIFA 2026 host city/stadium public reference mapping,Open-Meteo forecast API,Player injuries/status/suspensions and confirmed lineups not available from no-key public sources; injuries_impact is set to 0 until a provider is connected.
WC2026-024,2026-06-25,19:00 UTC-7,Group D,Paraguay,Australia,PY,AU,Levi's Stadium,Santa Clara,United States,37.4030,-121.9700,open air,1834,1777,22,28,66.7,58.3,98,92.5,77.0,73.7,78.4,75.1,80.7,77.0,72.2,71.1,0,0,6,6,10.0,13.2,0.0,1133.7,0,0,98,92.5,33.5,0,13.7,openfootball/worldcup.json public repository,World Football Elo Ratings public TSV,FIFA 2026 host city/stadium public reference mapping,Open-Meteo forecast API,Player injuries/status/suspensions and confirmed lineups not available from no-key public sources; injuries_impact is set to 0 until a provider is connected.
WC2026-025,2026-06-14,12:00 UTC-5,Group E,Germany,Curaçao,DE,CW,NRG Stadium,Houston,United States,29.6847,-95.4107,retractable roof,1932,1434,10,91,100.0,25.0,98,68.9,79.0,45.6,85.2,56.1,79.3,40,76.6,68.3,0,0,5,5,10.0,10.0,0.0,0.0,0,0,98,51.3,32.2,29,16.7,openfootball/worldcup.json public repository,World Football Elo Ratings public TSV,FIFA 2026 host city/stadium public reference mapping,Open-Meteo forecast API,Player injuries/status/suspensions and confirmed lineups not available from no-key public sources; injuries_impact is set to 0 until a provider is connected.
WC2026-026,2026-06-14,19:00 UTC-4,Group E,Ivory Coast,Ecuador,CI,EC,Lincoln Financial Field,Philadelphia,United States,39.9008,-75.1675,open air,1695,1938,49,9,100.0,66.7,95.5,98,71.3,81.8,73.3,83.6,77.1,85.1,72.8,71.6,0,0,5,5,10.0,10.0,0.0,0.0,0,0,81.5,98,22.7,67,17.6,openfootball/worldcup.json public repository,World Football Elo Ratings public TSV,FIFA 2026 host city/stadium public reference mapping,Open-Meteo forecast API,Player injuries/status/suspensions and confirmed lineups not available from no-key public sources; injuries_impact is set to 0 until a provider is connected.
WC2026-027,2026-06-20,16:00 UTC-4,Group E,Germany,Ivory Coast,DE,CI,BMO Field,Toronto,Canada,43.6332,-79.4186,open air,1932,1695,10,49,100.0,100.0,98,95.5,79.0,71.3,85.2,73.3,79.3,77.1,76.6,72.8,0,0,6,6,16.0,11.6,2099.8,544.4,0,0,98,81.5,24.6,10,23.5,openfootball/worldcup.json public repository,World Football Elo Ratings public TSV,FIFA 2026 host city/stadium public reference mapping,Open-Meteo forecast API,Player injuries/status/suspensions and confirmed lineups not available from no-key public sources; injuries_impact is set to 0 until a provider is connected.
WC2026-028,2026-06-20,19:00 UTC-5,Group E,Ecuador,Curaçao,EC,CW,Arrowhead Stadium,Kansas City,United States,39.0490,-94.4839,open air,1938,1434,9,91,66.7,25.0,98,68.9,81.8,45.6,83.6,56.1,85.1,40,71.6,68.3,0,0,6,6,14.7,13.0,1657.4,1044.7,0,0,98,51.3,26.2,20,17.7,openfootball/worldcup.json public repository,World Football Elo Ratings public TSV,FIFA 2026 host city/stadium public reference mapping,Open-Meteo forecast API,Player injuries/status/suspensions and confirmed lineups not available from no-key public sources; injuries_impact is set to 0 until a provider is connected.
WC2026-029,2026-06-25,16:00 UTC-4,Group E,Curaçao,Ivory Coast,CW,CI,Lincoln Financial Field,Philadelphia,United States,39.9008,-75.1675,open air,1434,1695,91,49,25.0,100.0,68.9,95.5,45.6,71.3,56.1,73.3,40,77.1,68.3,72.8,0,0,5,5,14.7,11.6,1657.4,544.4,0,0,51.3,81.5,27.1,15,10.5,openfootball/worldcup.json public repository,World Football Elo Ratings public TSV,FIFA 2026 host city/stadium public reference mapping,Open-Meteo forecast API,Player injuries/status/suspensions and confirmed lineups not available from no-key public sources; injuries_impact is set to 0 until a provider is connected.
WC2026-030,2026-06-25,16:00 UTC-4,Group E,Ecuador,Germany,EC,DE,MetLife Stadium,East Rutherford,United States,40.8135,-74.0745,open air,1938,1932,9,10,66.7,100.0,98,98,81.8,79.0,83.6,85.2,85.1,79.3,71.6,76.6,0,0,5,5,15.0,11.5,1747.2,540.1,0,0,98,98,23.4,12,12.8,openfootball/worldcup.json public repository,World Football Elo Ratings public TSV,FIFA 2026 host city/stadium public reference mapping,Open-Meteo forecast API,Player injuries/status/suspensions and confirmed lineups not available from no-key public sources; injuries_impact is set to 0 until a provider is connected.
WC2026-031,2026-06-14,15:00 UTC-5,Group F,Netherlands,Japan,NL,JP,AT&T Stadium,Arlington,United States,32.7473,-97.0945,retractable roof,1948,1906,8,14,58.3,100.0,98,97.9,81.0,83.9,83.6,83.9,82.8,91.7,69.6,68.5,0,0,5,5,10.0,10.0,0.0,0.0,0,0,98,98,32.2,53,7.6,openfootball/worldcup.json public repository,World Football Elo Ratings public TSV,FIFA 2026 host city/stadium public reference mapping,Open-Meteo forecast API,Player injuries/status/suspensions and confirmed lineups not available from no-key public sources; injuries_impact is set to 0 until a provider is connected.
WC2026-032,2026-06-14,20:00 UTC-6,Group F,Sweden,Tunisia,SE,TN,Estadio BBVA,Monterrey / Guadalupe,Mexico,25.6680,-100.2447,open air,1712,1628,42,58,58.3,33.3,92.4,71.6,64.0,62.0,71.8,66.2,59.8,60.8,72.7,64.2,0,0,5,5,10.0,10.0,0.0,0.0,0,0,84.3,74.1,27.2,35,8.4,openfootball/worldcup.json public repository,World Football Elo Ratings public TSV,FIFA 2026 host city/stadium public reference mapping,Open-Meteo forecast API,Player injuries/status/suspensions and confirmed lineups not available from no-key public sources; injuries_impact is set to 0 until a provider is connected.
WC2026-033,2026-06-20,12:00 UTC-5,Group F,Netherlands,Sweden,NL,SE,NRG Stadium,Houston,United States,29.6847,-95.4107,retractable roof,1948,1712,8,42,58.3,58.3,98,92.4,81.0,64.0,83.6,71.8,82.8,59.8,69.6,72.7,0,0,6,6,11.1,11.9,376.3,652.6,0,0,98,84.3,33.0,16,21.5,openfootball/worldcup.json public repository,World Football Elo Ratings public TSV,FIFA 2026 host city/stadium public reference mapping,Open-Meteo forecast API,Player injuries/status/suspensions and confirmed lineups not available from no-key public sources; injuries_impact is set to 0 until a provider is connected.
WC2026-034,2026-06-20,22:00 UTC-6,Group F,Tunisia,Japan,TN,JP,Estadio BBVA,Monterrey / Guadalupe,Mexico,25.6680,-100.2447,open air,1628,1906,58,14,33.3,100.0,71.6,97.9,62.0,83.9,66.2,83.9,60.8,91.7,64.2,68.5,0,0,6,6,10.0,12.4,0.0,844.3,0,0,74.1,98,26.1,23,4.6,openfootball/worldcup.json public repository,World Football Elo Ratings public TSV,FIFA 2026 host city/stadium public reference mapping,Open-Meteo forecast API,Player injuries/status/suspensions and confirmed lineups not available from no-key public sources; injuries_impact is set to 0 until a provider is connected.
WC2026-035,2026-06-25,18:00 UTC-5,Group F,Japan,Sweden,JP,SE,AT&T Stadium,Arlington,United States,32.7473,-97.0945,retractable roof,1906,1712,14,42,100.0,58.3,97.9,92.4,83.9,64.0,83.9,71.8,91.7,59.8,68.5,72.7,0,0,5,5,12.4,11.1,844.3,376.3,0,0,98,84.3,38.3,4,16.9,openfootball/worldcup.json public repository,World Football Elo Ratings public TSV,FIFA 2026 host city/stadium public reference mapping,Open-Meteo forecast API,Player injuries/status/suspensions and confirmed lineups not available from no-key public sources; injuries_impact is set to 0 until a provider is connected.
WC2026-036,2026-06-25,18:00 UTC-5,Group F,Tunisia,Netherlands,TN,NL,Arrowhead Stadium,Kansas City,United States,39.0490,-94.4839,open air,1628,1948,58,8,33.3,58.3,71.6,98,62.0,81.0,66.2,83.6,60.8,82.8,64.2,69.6,0,0,5,5,14.5,13.0,1582.3,1044.7,0,0,74.1,98,30.1,14,11.6,openfootball/worldcup.json public repository,World Football Elo Ratings public TSV,FIFA 2026 host city/stadium public reference mapping,Open-Meteo forecast API,Player injuries/status/suspensions and confirmed lineups not available from no-key public sources; injuries_impact is set to 0 until a provider is connected.
WC2026-037,2026-06-15,12:00 UTC-7,Group G,Belgium,Egypt,BE,EG,Lumen Field,Seattle,United States,47.5952,-122.3316,open air,1894,1696,15,48,83.3,58.3,98,86.2,79.6,70.5,82.3,71.0,82.9,75.3,77.4,69.5,0,0,5,5,10.0,10.0,0.0,0.0,0,0,98,81.7,29.5,0,4.0,openfootball/worldcup.json public repository,World Football Elo Ratings public TSV,FIFA 2026 host city/stadium public reference mapping,Open-Meteo forecast API,Player injuries/status/suspensions and confirmed lineups not available from no-key public sources; injuries_impact is set to 0 until a provider is connected.
WC2026-038,2026-06-15,18:00 UTC-7,Group G,Iran,New Zealand,IR,NZ,SoFi Stadium,Inglewood,United States,33.9535,-118.3392,translucent roof,1772,1562,29,72,75.0,25.0,98,72.5,73.5,55.9,75.8,62.5,76.8,51.7,75.0,66.8,0,0,5,5,10.0,10.0,0.0,0.0,0,0,91.9,65.8,21.9,0,20.8,openfootball/worldcup.json public repository,World Football Elo Ratings public TSV,FIFA 2026 host city/stadium public reference mapping,Open-Meteo forecast API,Player injuries/status/suspensions and confirmed lineups not available from no-key public sources; injuries_impact is set to 0 until a provider is connected.
WC2026-039,2026-06-21,12:00 UTC-7,Group G,Belgium,Iran,BE,IR,SoFi Stadium,Inglewood,United States,33.9535,-118.3392,translucent roof,1894,1772,15,29,83.3,75.0,98,98,79.6,73.5,82.3,75.8,82.9,76.8,77.4,75.0,0,0,6,6,14.4,10.0,1553.1,0.0,0,0,98,91.9,21.3,0,15.8,openfootball/worldcup.json public repository,World Football Elo Ratings public TSV,FIFA 2026 host city/stadium public reference mapping,Open-Meteo forecast API,Player injuries/status/suspensions and confirmed lineups not available from no-key public sources; injuries_impact is set to 0 until a provider is connected.
WC2026-040,2026-06-21,18:00 UTC-7,Group G,New Zealand,Egypt,NZ,EG,BC Place,Vancouver,Canada,49.2768,-123.1119,retractable roof,1562,1696,72,48,25.0,58.3,72.5,86.2,55.9,70.5,62.5,71.0,51.7,75.3,66.8,69.5,0,0,6,6,15.0,10.6,1748.5,195.6,0,0,65.8,81.7,21.6,5,15.1,openfootball/worldcup.json public repository,World Football Elo Ratings public TSV,FIFA 2026 host city/stadium public reference mapping,Open-Meteo forecast API,Player injuries/status/suspensions and confirmed lineups not available from no-key public sources; injuries_impact is set to 0 until a provider is connected.
WC2026-041,2026-06-26,20:00 UTC-7,Group G,Egypt,Iran,EG,IR,Lumen Field,Seattle,United States,47.5952,-122.3316,open air,1696,1772,48,29,58.3,75.0,86.2,98,70.5,73.5,71.0,75.8,75.3,76.8,69.5,75.0,0,0,5,5,10.6,14.4,195.6,1553.1,0,0,81.7,91.9,23.2,5,9.7,openfootball/worldcup.json public repository,World Football Elo Ratings public TSV,FIFA 2026 host city/stadium public reference mapping,Open-Meteo forecast API,Player injuries/status/suspensions and confirmed lineups not available from no-key public sources; injuries_impact is set to 0 until a provider is connected.
WC2026-042,2026-06-26,20:00 UTC-7,Group G,New Zealand,Belgium,NZ,BE,BC Place,Vancouver,Canada,49.2768,-123.1119,retractable roof,1562,1894,72,15,25.0,83.3,72.5,98,55.9,79.6,62.5,82.3,51.7,82.9,66.8,77.4,0,0,5,5,10.0,15.0,0.0,1748.5,0,0,65.8,98,21.3,8,4.8,openfootball/worldcup.json public repository,World Football Elo Ratings public TSV,FIFA 2026 host city/stadium public reference mapping,Open-Meteo forecast API,Player injuries/status/suspensions and confirmed lineups not available from no-key public sources; injuries_impact is set to 0 until a provider is connected.
WC2026-043,2026-06-15,12:00 UTC-4,Group H,Spain,Cape Verde,ES,CV,Mercedes-Benz Stadium,Atlanta,United States,33.7554,-84.4008,retractable roof,2157,1578,1,68,66.7,58.3,98,84.9,93.3,60.6,94.6,65.1,98,60.9,71.8,71.9,0,0,5,5,10.0,10.0,0.0,0.0,0,0,98,67.9,27.4,13,15.6,openfootball/worldcup.json public repository,World Football Elo Ratings public TSV,FIFA 2026 host city/stadium public reference mapping,Open-Meteo forecast API,Player injuries/status/suspensions and confirmed lineups not available from no-key public sources; injuries_impact is set to 0 until a provider is connected.
WC2026-044,2026-06-15,18:00 UTC-4,Group H,Saudi Arabia,Uruguay,SA,UY,Hard Rock Stadium,Miami Gardens,United States,25.9580,-80.2389,canopy roof,1576,1892,69,16,26.7,33.3,73.4,88.1,58.7,80.7,63.3,79.4,56.9,85.5,66.9,66.4,0,0,5,5,10.0,10.0,0.0,0.0,0,0,67.5,98,32.3,78,23.8,openfootball/worldcup.json public repository,World Football Elo Ratings public TSV,FIFA 2026 host city/stadium public reference mapping,Open-Meteo forecast API,Player injuries/status/suspensions and confirmed lineups not available from no-key public sources; injuries_impact is set to 0 until a provider is connected.
WC2026-045,2026-06-21,12:00 UTC-4,Group H,Spain,Saudi Arabia,ES,SA,Mercedes-Benz Stadium,Atlanta,United States,33.7554,-84.4008,retractable roof,2157,1576,1,69,66.7,26.7,98,73.4,93.3,58.7,94.6,63.3,98,56.9,71.8,66.9,0,0,6,6,10.0,12.7,0.0,955.2,0,0,98,67.5,21.9,18,9.7,openfootball/worldcup.json public repository,World Football Elo Ratings public TSV,FIFA 2026 host city/stadium public reference mapping,Open-Meteo forecast API,Player injuries/status/suspensions and confirmed lineups not available from no-key public sources; injuries_impact is set to 0 until a provider is connected.
WC2026-046,2026-06-21,18:00 UTC-4,Group H,Uruguay,Cape Verde,UY,CV,Hard Rock Stadium,Miami Gardens,United States,25.9580,-80.2389,canopy roof,1892,1578,16,68,33.3,58.3,88.1,84.9,80.7,60.6,79.4,65.1,85.5,60.9,66.4,71.9,0,0,6,6,10.0,12.7,0.0,955.2,0,0,98,67.9,32.3,36,21.4,openfootball/worldcup.json public repository,World Football Elo Ratings public TSV,FIFA 2026 host city/stadium public reference mapping,Open-Meteo forecast API,Player injuries/status/suspensions and confirmed lineups not available from no-key public sources; injuries_impact is set to 0 until a provider is connected.
WC2026-047,2026-06-26,19:00 UTC-5,Group H,Cape Verde,Saudi Arabia,CV,SA,NRG Stadium,Houston,United States,29.6847,-95.4107,retractable roof,1578,1576,68,69,58.3,26.7,84.9,73.4,60.6,58.7,65.1,63.3,60.9,56.9,71.9,66.9,0,0,5,5,14.4,13.2,1547.1,1134.7,0,0,67.9,67.5,34.9,10,24.5,openfootball/worldcup.json public repository,World Football Elo Ratings public TSV,FIFA 2026 host city/stadium public reference mapping,Open-Meteo forecast API,Player injuries/status/suspensions and confirmed lineups not available from no-key public sources; injuries_impact is set to 0 until a provider is connected.
WC2026-048,2026-06-26,18:00 UTC-6,Group H,Uruguay,Spain,UY,ES,Estadio Akron,Guadalajara / Zapopan,Mexico,20.6819,-103.4627,open air,1892,2157,16,1,33.3,66.7,88.1,98,80.7,93.3,79.4,94.6,85.5,98,66.4,71.8,0,0,5,5,17.0,16.8,2439.1,2373.0,0,0,98,98,23.8,67,3.1,openfootball/worldcup.json public repository,World Football Elo Ratings public TSV,FIFA 2026 host city/stadium public reference mapping,Open-Meteo forecast API,Player injuries/status/suspensions and confirmed lineups not available from no-key public sources; injuries_impact is set to 0 until a provider is connected.
WC2026-049,2026-06-16,15:00 UTC-4,Group I,France,Senegal,FR,SN,MetLife Stadium,East Rutherford,United States,40.8135,-74.0745,open air,2063,1860,3,21,75.0,58.3,98,97.1,85.2,76.5,90.3,79.2,85.5,78.3,73.8,71.3,0,0,5,5,10.0,10.0,0.0,0.0,0,0,98,98,27.1,3,17.4,openfootball/worldcup.json public repository,World Football Elo Ratings public TSV,FIFA 2026 host city/stadium public reference mapping,Open-Meteo forecast API,Player injuries/status/suspensions and confirmed lineups not available from no-key public sources; injuries_impact is set to 0 until a provider is connected.
WC2026-050,2026-06-16,18:00 UTC-4,Group I,Iraq,Norway,IQ,NO,Gillette Stadium,Foxborough,United States,42.0909,-71.2643,open air,1607,1914,64,11,58.3,41.7,77.8,95.2,63.3,79.4,66.6,81.0,65.1,81.2,67.0,69.5,0,0,5,5,10.0,10.0,0.0,0.0,0,0,71.1,98,23.2,2,15.5,openfootball/worldcup.json public repository,World Football Elo Ratings public TSV,FIFA 2026 host city/stadium public reference mapping,Open-Meteo forecast API,Player injuries/status/suspensions and confirmed lineups not available from no-key public sources; injuries_impact is set to 0 until a provider is connected.
WC2026-051,2026-06-22,17:00 UTC-4,Group I,France,Iraq,FR,IQ,Lincoln Financial Field,Philadelphia,United States,39.9008,-75.1675,open air,2063,1607,3,64,75.0,58.3,98,77.8,85.2,63.3,90.3,66.6,85.5,65.1,73.8,67.0,0,0,6,6,10.4,11.2,137.4,408.1,0,0,98,71.1,30.0,22,13.5,openfootball/worldcup.json public repository,World Football Elo Ratings public TSV,FIFA 2026 host city/stadium public reference mapping,Open-Meteo forecast API,Player injuries/status/suspensions and confirmed lineups not available from no-key public sources; injuries_impact is set to 0 until a provider is connected.
WC2026-052,2026-06-22,20:00 UTC-4,Group I,Norway,Senegal,NO,SN,MetLife Stadium,East Rutherford,United States,40.8135,-74.0745,open air,1914,1860,11,21,41.7,58.3,95.2,97.1,79.4,76.5,81.0,79.2,81.2,78.3,69.5,71.3,0,0,6,6,10.8,10.0,273.9,0.0,0,0,98,98,20.9,23,8.4,openfootball/worldcup.json public repository,World Football Elo Ratings public TSV,FIFA 2026 host city/stadium public reference mapping,Open-Meteo forecast API,Player injuries/status/suspensions and confirmed lineups not available from no-key public sources; injuries_impact is set to 0 until a provider is connected.
WC2026-053,2026-06-26,15:00 UTC-4,Group I,Norway,France,NO,FR,Gillette Stadium,Foxborough,United States,42.0909,-71.2643,open air,1914,2063,11,3,41.7,75.0,95.2,98,79.4,85.2,81.0,90.3,81.2,85.5,69.5,73.8,0,0,4,4,10.8,11.2,273.9,408.1,0,0,98,98,22.6,22,16.9,openfootball/worldcup.json public repository,World Football Elo Ratings public TSV,FIFA 2026 host city/stadium public reference mapping,Open-Meteo forecast API,Player injuries/status/suspensions and confirmed lineups not available from no-key public sources; injuries_impact is set to 0 until a provider is connected.
WC2026-054,2026-06-26,15:00 UTC-4,Group I,Senegal,Iraq,SN,IQ,BMO Field,Toronto,Canada,43.6332,-79.4186,open air,1860,1607,21,64,58.3,58.3,97.1,77.8,76.5,63.3,79.2,66.6,78.3,65.1,71.3,67.0,0,0,4,4,11.5,11.6,540.1,544.4,0,0,98,71.1,21.4,21,9.0,openfootball/worldcup.json public repository,World Football Elo Ratings public TSV,FIFA 2026 host city/stadium public reference mapping,Open-Meteo forecast API,Player injuries/status/suspensions and confirmed lineups not available from no-key public sources; injuries_impact is set to 0 until a provider is connected.
WC2026-055,2026-06-16,20:00 UTC-5,Group J,Argentina,Algeria,AR,DZ,Arrowhead Stadium,Kansas City,United States,39.0490,-94.4839,open air,2115,1772,2,29,100.0,83.3,98,98,92.6,77.2,94.3,76.2,98,85.0,76.8,76.0,0,0,5,5,10.0,10.0,0.0,0.0,0,0,98,91.9,22.6,21,21.4,openfootball/worldcup.json public repository,World Football Elo Ratings public TSV,FIFA 2026 host city/stadium public reference mapping,Open-Meteo forecast API,Player injuries/status/suspensions and confirmed lineups not available from no-key public sources; injuries_impact is set to 0 until a provider is connected.
WC2026-056,2026-06-16,21:00 UTC-7,Group J,Austria,Jordan,AT,JO,Levi's Stadium,Santa Clara,United States,37.4030,-121.9700,open air,1830,1680,23,52,100.0,16.7,98,80.1,78.4,59.6,80.1,67.9,84.2,52.4,73.5,68.4,0,0,5,5,10.0,10.0,0.0,0.0,0,0,97.9,79.6,27.2,0,9.9,openfootball/worldcup.json public repository,World Football Elo Ratings public TSV,FIFA 2026 host city/stadium public reference mapping,Open-Meteo forecast API,Player injuries/status/suspensions and confirmed lineups not available from no-key public sources; injuries_impact is set to 0 until a provider is connected.
WC2026-057,2026-06-22,12:00 UTC-5,Group J,Argentina,Austria,AR,AT,AT&T Stadium,Arlington,United States,32.7473,-97.0945,retractable roof,2115,1830,2,23,100.0,100.0,98,98,92.6,78.4,94.3,80.1,98,84.2,76.8,73.5,0,0,6,6,12.1,16.6,739.0,2314.9,0,0,98,97.9,33.4,9,19.3,openfootball/worldcup.json public repository,World Football Elo Ratings public TSV,FIFA 2026 host city/stadium public reference mapping,Open-Meteo forecast API,Player injuries/status/suspensions and confirmed lineups not available from no-key public sources; injuries_impact is set to 0 until a provider is connected.
WC2026-058,2026-06-22,20:00 UTC-7,Group J,Jordan,Algeria,JO,DZ,Levi's Stadium,Santa Clara,United States,37.4030,-121.9700,open air,1680,1772,52,29,16.7,83.3,80.1,98,59.6,77.2,67.9,76.2,52.4,85.0,68.4,76.0,0,0,6,6,10.0,16.9,0.0,2398.8,0,0,79.6,91.9,18.7,0,13.6,openfootball/worldcup.json public repository,World Football Elo Ratings public TSV,FIFA 2026 host city/stadium public reference mapping,Open-Meteo forecast API,Player injuries/status/suspensions and confirmed lineups not available from no-key public sources; injuries_impact is set to 0 until a provider is connected.
WC2026-059,2026-06-27,21:00 UTC-5,Group J,Algeria,Austria,DZ,AT,Arrowhead Stadium,Kansas City,United States,39.0490,-94.4839,open air,1772,1830,29,23,83.3,100.0,98,98,77.2,78.4,76.2,80.1,85.0,84.2,76.0,73.5,0,0,5,5,16.9,12.1,2398.8,739.0,0,0,91.9,97.9,26.1,23,7.3,openfootball/worldcup.json public repository,World Football Elo Ratings public TSV,FIFA 2026 host city/stadium public reference mapping,Open-Meteo forecast API,Player injuries/status/suspensions and confirmed lineups not available from no-key public sources; injuries_impact is set to 0 until a provider is connected.
WC2026-060,2026-06-27,21:00 UTC-5,Group J,Jordan,Argentina,JO,AR,AT&T Stadium,Arlington,United States,32.7473,-97.0945,retractable roof,1680,2115,52,2,16.7,100.0,80.1,98,59.6,92.6,67.9,94.3,52.4,98,68.4,76.8,0,0,5,5,16.6,10.0,2314.9,0.0,0,0,79.6,98,34.4,2,28.9,openfootball/worldcup.json public repository,World Football Elo Ratings public TSV,FIFA 2026 host city/stadium public reference mapping,Open-Meteo forecast API,Player injuries/status/suspensions and confirmed lineups not available from no-key public sources; injuries_impact is set to 0 until a provider is connected.
WC2026-061,2026-06-17,12:00 UTC-5,Group K,Portugal,DR Congo,PT,CD,NRG Stadium,Houston,United States,29.6847,-95.4107,retractable roof,1989,1652,6,55,83.3,58.3,98,80.3,85.5,68.2,87.1,68.8,90.3,73.0,70.7,67.3,0,0,5,5,10.0,10.0,0.0,0.0,0,0,98,76.7,32.7,28,22.7,openfootball/worldcup.json public repository,World Football Elo Ratings public TSV,FIFA 2026 host city/stadium public reference mapping,Open-Meteo forecast API,Player injuries/status/suspensions and confirmed lineups not available from no-key public sources; injuries_impact is set to 0 until a provider is connected.
WC2026-062,2026-06-17,20:00 UTC-6,Group K,Uzbekistan,Colombia,UZ,CO,Estadio Azteca,Mexico City,Mexico,19.3029,-99.1505,open air,1714,1982,41,7,33.3,50.0,81.7,98,67.8,80.1,70.5,84.9,68.1,78.9,67.7,71.7,0,0,5,5,10.0,10.0,0.0,0.0,0,0,84.6,98,18.2,56,2.7,openfootball/worldcup.json public repository,World Football Elo Ratings public TSV,FIFA 2026 host city/stadium public reference mapping,Open-Meteo forecast API,Player injuries/status/suspensions and confirmed lineups not available from no-key public sources; injuries_impact is set to 0 until a provider is connected.
WC2026-063,2026-06-23,12:00 UTC-5,Group K,Portugal,Uzbekistan,PT,UZ,NRG Stadium,Houston,United States,29.6847,-95.4107,retractable roof,1989,1714,6,41,83.3,33.3,98,81.7,85.5,67.8,87.1,70.5,90.3,68.1,70.7,67.7,0,0,6,6,10.0,13.5,0.0,1214.6,0,0,98,84.6,33.9,3,10.5,openfootball/worldcup.json public repository,World Football Elo Ratings public TSV,FIFA 2026 host city/stadium public reference mapping,Open-Meteo forecast API,Player injuries/status/suspensions and confirmed lineups not available from no-key public sources; injuries_impact is set to 0 until a provider is connected.
WC2026-064,2026-06-23,20:00 UTC-6,Group K,Colombia,DR Congo,CO,CD,Estadio Akron,Guadalajara / Zapopan,Mexico,20.6819,-103.4627,open air,1982,1652,7,55,50.0,58.3,98,80.3,80.1,68.2,84.9,68.8,78.9,73.0,71.7,67.3,0,0,6,6,11.4,13.7,475.9,1286.9,0,0,98,76.7,19.6,89,4.6,openfootball/worldcup.json public repository,World Football Elo Ratings public TSV,FIFA 2026 host city/stadium public reference mapping,Open-Meteo forecast API,Player injuries/status/suspensions and confirmed lineups not available from no-key public sources; injuries_impact is set to 0 until a provider is connected.
WC2026-065,2026-06-27,19:30 UTC-4,Group K,Colombia,Portugal,CO,PT,Hard Rock Stadium,Miami Gardens,United States,25.9580,-80.2389,canopy roof,1982,1989,7,6,50.0,83.3,98,98,80.1,85.5,84.9,87.1,78.9,90.3,71.7,70.7,0,0,4,4,17.0,14.4,2439.1,1547.1,0,0,98,98,30.9,36,18.8,openfootball/worldcup.json public repository,World Football Elo Ratings public TSV,FIFA 2026 host city/stadium public reference mapping,Open-Meteo forecast API,Player injuries/status/suspensions and confirmed lineups not available from no-key public sources; injuries_impact is set to 0 until a provider is connected.
WC2026-066,2026-06-27,19:30 UTC-4,Group K,DR Congo,Uzbekistan,CD,UZ,Mercedes-Benz Stadium,Atlanta,United States,33.7554,-84.4008,retractable roof,1652,1714,55,41,58.3,33.3,80.3,81.7,68.2,67.8,68.8,70.5,73.0,68.1,67.3,67.7,0,0,4,4,16.8,13.2,2373.0,1134.7,0,0,76.7,84.6,25.8,29,8.1,openfootball/worldcup.json public repository,World Football Elo Ratings public TSV,FIFA 2026 host city/stadium public reference mapping,Open-Meteo forecast API,Player injuries/status/suspensions and confirmed lineups not available from no-key public sources; injuries_impact is set to 0 until a provider is connected.
WC2026-067,2026-06-17,15:00 UTC-5,Group L,England,Croatia,EN,HR,AT&T Stadium,Arlington,United States,32.7473,-97.0945,retractable roof,2024,1912,4,12,58.3,50.0,98,95.8,87.2,75.5,87.4,81.4,92.0,72.8,69.7,69.5,0,0,5,5,10.0,10.0,0.0,0.0,0,0,98,98,34.6,0,30.1,openfootball/worldcup.json public repository,World Football Elo Ratings public TSV,FIFA 2026 host city/stadium public reference mapping,Open-Meteo forecast API,Player injuries/status/suspensions and confirmed lineups not available from no-key public sources; injuries_impact is set to 0 until a provider is connected.
WC2026-068,2026-06-17,19:00 UTC-4,Group L,Ghana,Panama,GH,PA,BMO Field,Toronto,Canada,43.6332,-79.4186,open air,1510,1730,81,37,8.3,53.3,66.5,91.2,50.7,64.0,59.0,72.5,43.5,58.6,65.5,71.8,0,0,5,5,10.0,10.0,0.0,0.0,0,0,59.6,86.8,17.9,26,18.3,openfootball/worldcup.json public repository,World Football Elo Ratings public TSV,FIFA 2026 host city/stadium public reference mapping,Open-Meteo forecast API,Player injuries/status/suspensions and confirmed lineups not available from no-key public sources; injuries_impact is set to 0 until a provider is connected.
WC2026-069,2026-06-23,16:00 UTC-4,Group L,England,Ghana,EN,GH,Gillette Stadium,Foxborough,United States,42.0909,-71.2643,open air,2024,1510,4,81,58.3,8.3,98,66.5,87.2,50.7,87.4,59.0,92.0,43.5,69.7,65.5,0,0,6,6,17.1,12.0,2493.6,686.1,0,0,98,59.6,13.3,21,17.8,openfootball/worldcup.json public repository,World Football Elo Ratings public TSV,FIFA 2026 host city/stadium public reference mapping,Open-Meteo forecast API,Player injuries/status/suspensions and confirmed lineups not available from no-key public sources; injuries_impact is set to 0 until a provider is connected.
WC2026-070,2026-06-23,19:00 UTC-4,Group L,Panama,Croatia,PA,HR,BMO Field,Toronto,Canada,43.6332,-79.4186,open air,1730,1912,37,12,53.3,50.0,91.2,95.8,64.0,75.5,72.5,81.4,58.6,72.8,71.8,69.5,0,0,6,6,10.0,15.6,0.0,1955.4,0,0,86.8,98,20.0,8,9.0,openfootball/worldcup.json public repository,World Football Elo Ratings public TSV,FIFA 2026 host city/stadium public reference mapping,Open-Meteo forecast API,Player injuries/status/suspensions and confirmed lineups not available from no-key public sources; injuries_impact is set to 0 until a provider is connected.
WC2026-071,2026-06-27,17:00 UTC-4,Group L,Panama,England,PA,EN,MetLife Stadium,East Rutherford,United States,40.8135,-74.0745,open air,1730,2024,37,4,53.3,58.3,91.2,98,64.0,87.2,72.5,87.4,58.6,92.0,71.8,69.7,0,0,4,4,11.5,10.8,540.1,273.9,0,0,86.8,98,28.8,26,26.0,openfootball/worldcup.json public repository,World Football Elo Ratings public TSV,FIFA 2026 host city/stadium public reference mapping,Open-Meteo forecast API,Player injuries/status/suspensions and confirmed lineups not available from no-key public sources; injuries_impact is set to 0 until a provider is connected.
WC2026-072,2026-06-27,17:00 UTC-4,Group L,Croatia,Ghana,HR,GH,Lincoln Financial Field,Philadelphia,United States,39.9008,-75.1675,open air,1912,1510,12,81,50.0,8.3,95.8,66.5,75.5,50.7,81.4,59.0,72.8,43.5,69.5,65.5,0,0,4,4,11.6,11.2,544.4,408.1,0,0,98,59.6,28.8,26,18.2,openfootball/worldcup.json public repository,World Football Elo Ratings public TSV,FIFA 2026 host city/stadium public reference mapping,Open-Meteo forecast API,Player injuries/status/suspensions and confirmed lineups not available from no-key public sources; injuries_impact is set to 0 until a provider is connected.
